Rk,Player,Nation,Pos,Squad,Comp,Age,Born,MP,Starts,Min,90s,Gls,Ast,G+A,G-PK,PK,PKatt,CrdY,CrdR,xG,npxG,xAG,npxG+xAG,PrgC,PrgP,PrgR,G+A-PK,xG+xAG,Rk_stats_shooting,Nation_stats_shooting,Pos_stats_shooting,Comp_stats_shooting,Age_stats_shooting,Born_stats_shooting,90s_stats_shooting,Gls_stats_shooting,Sh,SoT,SoT%,Sh/90,SoT/90,G/Sh,G/SoT,Dist,FK,PK_stats_shooting,PKatt_stats_shooting,xG_stats_shooting,npxG_stats_shooting,npxG/Sh,G-xG,np:G-xG,Rk_stats_passing,Nation_stats_passing,Pos_stats_passing,Comp_stats_passing,Age_stats_passing,Born_stats_passing,90s_stats_passing,Cmp,Att,Cmp%,TotDist,PrgDist,Ast_stats_passing,xAG_stats_passing,xA,A-xAG,KP,1/3,PPA,CrsPA,PrgP_stats_passing,Rk_stats_passing_types,Nation_stats_passing_types,Pos_stats_passing_types,Comp_stats_passing_types,Age_stats_passing_types,Born_stats_passing_types,90s_stats_passing_types,Att_stats_passing_types,Live,Dead,FK_stats_passing_types,TB,Sw,Crs,TI,CK,In,Out,Str,Cmp_stats_passing_types,Off,Blocks,Rk_stats_gca,Nation_stats_gca,Pos_stats_gca,Comp_stats_gca,Age_stats_gca,Born_stats_gca,90s_stats_gca,SCA,SCA90,PassLive,PassDead,TO,Sh_stats_gca,Fld,Def,GCA,GCA90,Rk_stats_defense,Nation_stats_defense,Pos_stats_defense,Comp_stats_defense,Age_stats_defense,Born_stats_defense,90s_stats_defense,Tkl,TklW,Def 3rd,Mid 3rd,Att 3rd,Att_stats_defense,Tkl%,Lost,Blocks_stats_defense,Sh_stats_defense,Pass,Int,Tkl+Int,Clr,Err,Rk_stats_possession,Nation_stats_possession,Pos_stats_possession,Comp_stats_possession,Age_stats_possession,Born_stats_possession,90s_stats_possession,Touches,Def Pen,Def 3rd_stats_possession,Mid 3rd_stats_possession,Att 3rd_stats_possession,Att Pen,Live_stats_possession,Att_stats_possession,Succ,Succ%,Tkld,Tkld%,Carries,TotDist_stats_possession,PrgDist_stats_possession,PrgC_stats_possession,1/3_stats_possession,CPA,Mis,Dis,Rec,PrgR_stats_possession,Rk_stats_playing_time,Nation_stats_playing_time,Pos_stats_playing_time,Comp_stats_playing_time,Age_stats_playing_time,Born_stats_playing_time,MP_stats_playing_time,Min_stats_playing_time,Mn/MP,Min%,90s_stats_playing_time,Starts_stats_playing_time,Mn/Start,Compl,Subs,Mn/Sub,unSub,PPM,onG,onGA,+/-,+/-90,On-Off,onxG,onxGA,xG+/-,xG+/-90,Rk_stats_misc,Nation_stats_misc,Pos_stats_misc,Comp_stats_misc,Age_stats_misc,Born_stats_misc,90s_stats_misc,CrdY_stats_misc,CrdR_stats_misc,2CrdY,Fls,Fld_stats_misc,Off_stats_misc,Crs_stats_misc,Int_stats_misc,TklW_stats_misc,PKwon,PKcon,OG,Recov,Won,Lost_stats_misc,Won%,Rk_stats_keeper,Nation_stats_keeper,Pos_stats_keeper,Comp_stats_keeper,Age_stats_keeper,Born_stats_keeper,MP_stats_keeper,Starts_stats_keeper,Min_stats_keeper,90s_stats_keeper,GA,GA90,SoTA,Saves,Save%,W,D,L,CS,CS%,PKatt_stats_keeper,PKA,PKsv,PKm,Rk_stats_keeper_adv,Nation_stats_keeper_adv,Pos_stats_keeper_adv,Comp_stats_keeper_adv,Age_stats_keeper_adv,Born_stats_keeper_adv,90s_stats_keeper_adv,GA_stats_keeper_adv,PKA_stats_keeper_adv,FK_stats_keeper_adv,CK_stats_keeper_adv,OG_stats_keeper_adv,PSxG,PSxG/SoT,PSxG+/-,/90,Cmp_stats_keeper_adv,Att_stats_keeper_adv,Cmp%_stats_keeper_adv,Att (GK),Thr,Launch%,AvgLen,Opp,Stp,Stp%,#OPA,#OPA/90,AvgDist
142,Samson Baidoo,at AUT,DF,Lens,fr Ligue 1,21.0,2004.0,6,5,495.0,5.5,0,0,0,0,0,0,2,0,0.1,0.1,0.0,0.1,0,11,1,0.0,0.02,142,at AUT,DF,fr Ligue 1,21-189,2004.0,5.5,0,3,2,66.7,0.55,0.36,0.0,0.0,16.2,0,0,0,0.1,0.1,0.03,-0.1,-0.1,142,at AUT,DF,fr Ligue 1,21-189,2004.0,5.5,190,204,93.1,3465,1007,0,0.0,0.0,0.0,0,11,0,0,11,142,at AUT,DF,fr Ligue 1,21-189,2004.0,5.5,204,194,10,9,0,2,0,0,0,0,0,0,190,0,0,142,at AUT,DF,fr Ligue 1,21-189,2004.0,5.5,6,1.09,3,0,0,3,0,0,1,0.18,142,at AUT,DF,fr Ligue 1,21-189,2004.0,5.5,6,5,5,0,1,7,42.9,4,14,12,2,7,13,23,0,142,at AUT,DF,fr Ligue 1,21-189,2004.0,5.5,264,50,164,90,12,4,264,2,2,100.0,0,0.0,123,651,305,0,0,0,1,1,152,1,173,at AUT,DF,fr Ligue 1,21-189,2004.0,6,495.0,83,78.6,5.5,5,90.0,5,1,45.0,1,1.67,8,4,4,0.73,0.73,10.2,7.5,2.7,0.49,142,at AUT,DF,fr Ligue 1,21-189,2004.0,5.5,2,0,0,7,1,0,0,7,5,0,0,0,26,7,9,43.8,,,,,,,,,,,,,,,,,,,,,,,,,,,,,,,,,,,,,,,,,,,,,,,,,,,,,
166,Valentín Barco,ar ARG,"MF,DF",Strasbourg,fr Ligue 1,21.0,2004.0,7,6,565.0,6.3,0,1,1,0,0,0,2,0,0.8,0.8,1.8,2.6,9,45,23,0.16,0.42,166,ar ARG,"MF,DF",fr Ligue 1,21-075,2004.0,6.3,0,5,2,40.0,0.8,0.32,0.0,0.0,17.5,1,0,0,0.8,0.8,0.16,-0.8,-0.8,166,ar ARG,"MF,DF",fr Ligue 1,21-075,2004.0,6.3,334,404,82.7,5411,1744,1,1.8,1.7,-0.8,8,25,15,1,45,166,ar ARG,"MF,DF",fr Ligue 1,21-075,2004.0,6.3,404,354,48,29,4,0,20,13,6,1,4,0,334,2,6,166,ar ARG,"MF,DF",fr Ligue 1,21-075,2004.0,6.3,21,3.34,13,4,0,1,2,1,4,0.64,166,ar ARG,"MF,DF",fr Ligue 1,21-075,2004.0,6.3,18,11,9,7,2,13,84.6,2,3,0,3,4,22,7,0,166,ar ARG,"MF,DF",fr Ligue 1,21-075,2004.0,6.3,468,15,121,237,118,8,468,20,8,40.0,10,50.0,282,1064,635,9,12,2,7,5,327,23,202,ar ARG,"MF,DF",fr Ligue 1,21-075,2004.0,7,565.0,81,89.7,6.3,6,86.0,4,1,50.0,0,2.14,14,6,8,1.27,2.66,12.8,6.6,6.3,1.0,166,ar ARG,"MF,DF",fr Ligue 1,21-075,2004.0,6.3,2,0,0,5,19,0,20,4,11,0,0,0,40,4,7,36.4,,,,,,,,,,,,,,,,,,,,,,,,,,,,,,,,,,,,,,,,,,,,,,,,,,,,,
221,Lucas Beraldo,br BRA,DF,Paris S-G,fr Ligue 1,21.0,2003.0,5,5,429.0,4.8,1,0,1,1,0,0,0,0,0.3,0.3,0.0,0.3,1,17,1,0.21,0.07,221,br BRA,DF,fr Ligue 1,21-316,2003.0,4.8,1,2,1,50.0,0.42,0.21,0.5,1.0,10.0,0,0,0,0.3,0.3,0.17,0.7,0.7,221,br BRA,DF,fr Ligue 1,21-316,2003.0,4.8,424,440,96.4,7017,3020,0,0.0,0.1,0.0,0,22,0,0,17,221,br BRA,DF,fr Ligue 1,21-316,2003.0,4.8,440,429,11,3,0,2,0,0,0,0,0,0,424,0,0,221,br BRA,DF,fr Ligue 1,21-316,2003.0,4.8,3,0.63,3,0,0,0,0,0,1,0.21,221,br BRA,DF,fr Ligue 1,21-316,2003.0,4.8,10,6,8,2,0,9,66.7,3,5,3,2,4,14,28,0,221,br BRA,DF,fr Ligue 1,21-316,2003.0,4.8,498,75,232,256,11,6,498,0,0,,0,,296,970,543,1,0,0,3,0,383,1,270,br BRA,DF,fr Ligue 1,21-316,2003.0,5,429.0,86,68.1,4.8,5,86.0,4,0,,2,2.6,12,4,8,1.68,1.68,7.7,4.6,3.1,0.66,221,br BRA,DF,fr Ligue 1,21-316,2003.0,4.8,0,0,0,4,1,0,0,4,6,0,0,0,28,14,9,60.9,,,,,,,,,,,,,,,,,,,,,,,,,,,,,,,,,,,,,,,,,,,,,,,,,,,,,
417,Alessandro Circati,au AUS,DF,Parma,it Serie A,21.0,2003.0,6,6,540.0,6.0,0,0,0,0,0,0,0,0,0.0,0.0,0.1,0.1,0,18,0,0.0,0.02,417,au AUS,DF,it Serie A,21-361,2003.0,6.0,0,0,0,,0.0,0.0,,,,0,0,0,0.0,0.0,,0.0,0.0,417,au AUS,DF,it Serie A,21-361,2003.0,6.0,276,319,86.5,5287,2047,0,0.1,0.1,-0.1,3,18,2,0,18,417,au AUS,DF,it Serie A,21-361,2003.0,6.0,319,305,14,14,0,1,0,0,0,0,0,0,276,0,2,417,au AUS,DF,it Serie A,21-361,2003.0,6.0,6,1.0,5,0,0,0,1,0,0,0.0,417,au AUS,DF,it Serie A,21-361,2003.0,6.0,4,3,1,2,1,2,100.0,0,14,9,5,6,10,28,0,417,au AUS,DF,it Serie A,21-361,2003.0,6.0,378,46,193,179,7,0,378,0,0,,0,,218,1048,584,0,0,0,3,0,220,0,509,au AUS,DF,it Serie A,21-361,2003.0,6,540.0,90,100.0,6.0,6,90.0,6,0,,0,0.83,3,7,-4,-0.67,,5.9,5.6,0.3,0.05,417,au AUS,DF,it Serie A,21-361,2003.0,6.0,0,0,0,6,5,0,0,6,3,0,0,0,26,22,9,71.0,,,,,,,,,,,,,,,,,,,,,,,,,,,,,,,,,,,,,,,,,,,,,,,,,,,,,
427,Nnamdi Collins,de GER,DF,Eint Frankfurt,de Bundesliga,21.0,2004.0,5,5,415.0,4.6,0,0,0,0,0,0,1,0,0.0,0.0,0.0,0.0,14,28,6,0.0,0.0,427,de GER,DF,de Bundesliga,21-269,2004.0,4.6,0,1,0,0.0,0.22,0.0,0.0,,32.1,0,0,0,0.0,0.0,0.02,0.0,0.0,427,de GER,DF,de Bundesliga,21-269,2004.0,4.6,248,295,84.1,4452,1372,0,0.0,0.1,0.0,0,25,0,0,28,427,de GER,DF,de Bundesliga,21-269,2004.0,4.6,295,265,29,7,0,0,1,22,0,0,0,0,248,1,7,427,de GER,DF,de Bundesliga,21-269,2004.0,4.6,3,0.65,3,0,0,0,0,0,1,0.22,427,de GER,DF,de Bundesliga,21-269,2004.0,4.6,15,9,5,5,5,12,66.7,4,7,0,7,6,21,17,1,427,de GER,DF,de Bundesliga,21-269,2004.0,4.6,362,15,117,200,46,1,362,10,3,30.0,7,70.0,206,1083,656,14,4,1,6,1,239,6,519,de GER,DF,de Bundesliga,21-269,2004.0,5,415.0,83,76.9,4.6,5,83.0,3,0,,1,1.8,17,9,8,1.73,6.77,9.4,5.5,3.9,0.84,427,de GER,DF,de Bundesliga,21-269,2004.0,4.6,1,0,0,5,2,0,1,6,9,0,0,0,10,5,4,55.6,,,,,,,,,,,,,,,,,,,,,,,,,,,,,,,,,,,,,,,,,,,,,,,,,,,,,
448,Abdoul Coulibaly,de GER,DF,Werder Bremen,de Bundesliga,18.0,2007.0,6,5,463.0,5.1,1,0,1,1,0,0,0,0,0.5,0.5,0.1,0.6,4,14,0,0.19,0.12,448,de GER,DF,de Bundesliga,18-136,2007.0,5.1,1,3,1,33.3,0.58,0.19,0.33,1.0,8.2,0,0,0,0.5,0.5,0.17,0.5,0.5,448,de GER,DF,de Bundesliga,18-136,2007.0,5.1,296,353,83.9,5871,1838,0,0.1,0.1,-0.1,3,16,0,0,14,448,de GER,DF,de Bundesliga,18-136,2007.0,5.1,353,321,30,4,0,4,1,0,0,0,0,0,296,2,4,448,de GER,DF,de Bundesliga,18-136,2007.0,5.1,4,0.78,4,0,0,0,0,0,0,0.0,448,de GER,DF,de Bundesliga,18-136,2007.0,5.1,7,2,4,3,0,6,50.0,3,8,7,1,7,14,27,2,448,de GER,DF,de Bundesliga,18-136,2007.0,5.1,409,63,246,154,9,3,409,3,3,100.0,0,0.0,264,1382,724,4,3,0,1,1,292,0,550,de GER,DF,de Bundesliga,18-136,2007.0,6,463.0,77,85.7,5.1,5,90.0,5,1,13.0,0,1.17,8,10,-2,-0.39,3.12,8.2,10.2,-2.0,-0.39,448,de GER,DF,de Bundesliga,18-136,2007.0,5.1,0,0,0,2,1,1,1,7,2,0,0,1,13,8,14,36.4,,,,,,,,,,,,,,,,,,,,,,,,,,,,,,,,,,,,,,,,,,,,,,,,,,,,,
462,Pau Cubarsí,es ESP,DF,Barcelona,es La Liga,18.0,2007.0,5,5,428.0,4.8,0,0,0,0,0,0,0,0,0.1,0.1,0.3,0.4,11,33,1,0.0,0.09,462,es ESP,DF,es La Liga,18-257,2007.0,4.8,0,2,0,0.0,0.42,0.0,0.0,,18.2,0,0,0,0.1,0.1,0.04,-0.1,-0.1,462,es ESP,DF,es La Liga,18-257,2007.0,4.8,375,407,92.1,6646,2603,0,0.3,0.2,-0.3,1,46,1,0,33,462,es ESP,DF,es La Liga,18-257,2007.0,4.8,407,385,22,18,1,1,0,2,0,0,0,0,375,0,1,462,es ESP,DF,es La Liga,18-257,2007.0,4.8,5,1.05,3,0,1,1,0,0,1,0.21,462,es ESP,DF,es La Liga,18-257,2007.0,4.8,14,10,5,8,1,7,71.4,2,1,1,0,3,17,24,0,462,es ESP,DF,es La Liga,18-257,2007.0,4.8,459,30,154,284,23,4,459,1,1,100.0,0,0.0,265,1758,1029,11,8,1,0,0,334,1,568,es ESP,DF,es La Liga,18-257,2007.0,5,428.0,86,59.4,4.8,5,86.0,4,0,,3,2.4,15,7,8,1.68,0.14,11.4,6.0,5.5,1.15,462,es ESP,DF,es La Liga,18-257,2007.0,4.8,0,0,0,5,0,0,0,3,10,0,0,0,14,13,6,68.4,,,,,,,,,,,,,,,,,,,,,,,,,,,,,,,,,,,,,,,,,,,,,,,,,,,,,
490,Davinchi,es ESP,DF,Getafe,es La Liga,17.0,2007.0,7,4,429.0,4.8,0,0,0,0,0,0,1,0,0.2,0.2,0.0,0.2,3,11,12,0.0,0.05,490,es ESP,DF,es La Liga,17-355,2007.0,4.8,0,3,1,33.3,0.63,0.21,0.0,0.0,17.0,0,0,0,0.2,0.2,0.06,-0.2,-0.2,490,es ESP,DF,es La Liga,17-355,2007.0,4.8,140,214,65.4,2186,1062,0,0.0,0.5,0.0,2,9,2,0,11,490,es ESP,DF,es La Liga,17-355,2007.0,4.8,214,159,54,0,0,0,12,54,0,0,0,0,140,1,8,490,es ESP,DF,es La Liga,17-355,2007.0,4.8,12,2.52,7,2,1,1,0,1,0,0.0,490,es ESP,DF,es La Liga,17-355,2007.0,4.8,14,9,9,3,2,12,83.3,2,6,1,5,3,17,23,1,490,es ESP,DF,es La Liga,17-355,2007.0,4.8,287,9,91,120,78,6,287,13,8,61.5,5,38.5,79,363,155,3,3,1,10,3,112,12,602,es ESP,DF,es La Liga,17-355,2007.0,7,429.0,61,59.6,4.8,4,82.0,3,3,34.0,1,1.57,5,5,0,0.0,0.62,3.4,3.5,-0.1,-0.02,490,es ESP,DF,es La Liga,17-355,2007.0,4.8,1,0,0,14,1,0,12,3,9,0,0,0,20,6,6,50.0,,,,,,,,,,,,,,,,,,,,,,,,,,,,,,,,,,,,,,,,,,,,,,,,,,,,,
555,El Hadji Malick Diouf,sn SEN,DF,West Ham,eng Premier League,20.0,2004.0,7,7,630.0,7.0,0,3,3,0,0,0,1,0,0.2,0.2,0.7,0.9,11,21,31,0.43,0.13,555,sn SEN,DF,eng Premier League,20-282,2004.0,7.0,0,5,1,20.0,0.71,0.14,0.0,0.0,23.5,0,0,0,0.2,0.2,0.04,-0.2,-0.2,555,sn SEN,DF,eng Premier League,20-282,2004.0,7.0,223,306,72.9,3553,1394,3,0.7,0.7,2.3,7,16,8,3,21,555,sn SEN,DF,eng Premier League,20-282,2004.0,7.0,306,245,60,2,3,1,28,51,7,6,1,0,223,1,9,555,sn SEN,DF,eng Premier League,20-282,2004.0,7.0,11,1.57,8,2,1,0,0,0,3,0.43,555,sn SEN,DF,eng Premier League,20-282,2004.0,7.0,6,2,3,3,0,5,60.0,2,4,3,1,4,10,35,1,555,sn SEN,DF,eng Premier League,20-282,2004.0,7.0,388,28,131,142,115,7,388,12,4,33.3,8,66.7,171,851,453,11,13,1,9,5,215,31,674,sn SEN,DF,eng Premier League,20-282,2004.0,7,630.0,90,100.0,7.0,7,90.0,7,0,,0,0.57,6,16,-10,-1.43,,6.6,11.1,-4.5,-0.64,555,sn SEN,DF,eng Premier League,20-282,2004.0,7.0,1,0,0,10,4,0,28,4,2,0,1,0,25,12,10,54.5,,,,,,,,,,,,,,,,,,,,,,,,,,,,,,,,,,,,,,,,,,,,,,,,,,,,,
576,Patrick Dorgu,dk DEN,DF,Manchester Utd,eng Premier League,20.0,2004.0,6,5,471.0,5.2,0,1,1,0,0,0,2,0,0.2,0.2,0.8,1.1,17,7,41,0.19,0.21,576,dk DEN,DF,eng Premier League,20-345,2004.0,5.2,0,4,0,0.0,0.76,0.0,0.0,,21.1,0,0,0,0.2,0.2,0.06,-0.2,-0.2,576,dk DEN,DF,eng Premier League,20-345,2004.0,5.2,147,204,72.1,2121,459,1,0.8,0.6,0.2,6,5,6,3,7,576,dk DEN,DF,eng Premier League,20-345,2004.0,5.2,204,171,33,0,0,1,17,33,0,0,0,0,147,0,7,576,dk DEN,DF,eng Premier League,20-345,2004.0,5.2,13,2.48,12,0,1,0,0,0,1,0.19,576,dk DEN,DF,eng Premier League,20-345,2004.0,5.2,15,12,8,4,3,14,78.6,3,5,1,4,7,22,9,0,576,dk DEN,DF,eng Premier League,20-345,2004.0,5.2,281,7,62,107,114,23,281,16,3,18.8,11,68.8,152,782,415,17,8,4,14,7,178,41,698,dk DEN,DF,eng Premier League,20-345,2004.0,6,471.0,79,74.8,5.2,5,89.0,4,1,27.0,1,1.17,4,8,-4,-0.76,-1.9,8.5,8.2,0.3,0.05,576,dk DEN,DF,eng Premier League,20-345,2004.0,5.2,2,0,0,8,18,3,17,7,12,0,0,0,16,14,14,50.0,,,,,,,,,,,,,,,,,,,,,,,,,,,,,,,,,,,,,,,,,,,,,,,,,,,,,
656,Abdoulaye Faye,sn SEN,DF,Lorient,fr Ligue 1,21.0,2004.0,6,5,483.0,5.4,0,0,0,0,0,0,4,0,0.2,0.2,0.0,0.2,1,16,1,0.0,0.04,656,sn SEN,DF,fr Ligue 1,21-014,2004.0,5.4,0,4,0,0.0,0.75,0.0,0.0,,10.0,0,0,0,0.2,0.2,0.05,-0.2,-0.2,656,sn SEN,DF,fr Ligue 1,21-014,2004.0,5.4,272,307,88.6,4933,2015,0,0.0,0.1,0.0,0,19,0,0,16,656,sn SEN,DF,fr Ligue 1,21-014,2004.0,5.4,307,279,28,7,0,0,0,1,0,0,0,0,272,0,1,656,sn SEN,DF,fr Ligue 1,21-014,2004.0,5.4,4,0.75,3,0,0,1,0,0,1,0.19,656,sn SEN,DF,fr Ligue 1,21-014,2004.0,5.4,10,6,7,3,0,7,71.4,2,7,4,3,10,20,28,1,656,sn SEN,DF,fr Ligue 1,21-014,2004.0,5.4,374,64,220,135,20,8,374,3,2,66.7,1,33.3,229,1113,571,1,2,0,0,3,254,1,797,sn SEN,DF,fr Ligue 1,21-014,2004.0,6,483.0,81,76.7,5.4,5,88.0,4,1,45.0,0,1.17,8,15,-7,-1.3,-1.3,6.5,9.8,-3.3,-0.61,656,sn SEN,DF,fr Ligue 1,21-014,2004.0,5.4,4,0,0,10,6,0,0,10,6,0,1,0,15,12,7,63.2,,,,,,,,,,,,,,,,,,,,,,,,,,,,,,,,,,,,,,,,,,,,,,,,,,,,,
709,Tiago Gabriel,pt POR,DF,Lecce,it Serie A,20.0,2004.0,6,5,462.0,5.1,1,0,1,1,0,0,1,0,0.7,0.7,0.0,0.7,2,9,0,0.19,0.14,709,pt POR,DF,it Serie A,20-284,2004.0,5.1,1,4,1,25.0,0.78,0.19,0.25,1.0,9.6,0,0,0,0.7,0.7,0.19,0.3,0.3,709,pt POR,DF,it Serie A,20-284,2004.0,5.1,190,213,89.2,3691,1250,0,0.0,0.0,0.0,0,10,0,0,9,709,pt POR,DF,it Serie A,20-284,2004.0,5.1,213,186,26,6,0,1,0,1,0,0,0,0,190,1,1,709,pt POR,DF,it Serie A,20-284,2004.0,5.1,2,0.39,1,0,0,1,0,0,0,0.0,709,pt POR,DF,it Serie A,20-284,2004.0,5.1,14,7,12,2,0,10,80.0,2,6,2,4,9,23,29,1,709,pt POR,DF,it Serie A,20-284,2004.0,5.1,284,49,145,132,7,4,284,0,0,,0,,122,648,357,2,0,0,1,1,150,0,869,pt POR,DF,it Serie A,20-284,2004.0,6,462.0,77,85.6,5.1,5,90.0,5,1,12.0,0,0.83,5,6,-1,-0.19,4.42,4.2,6.7,-2.5,-0.49,709,pt POR,DF,it Serie A,20-284,2004.0,5.1,1,0,0,6,4,0,0,9,7,0,1,0,11,14,10,58.3,,,,,,,,,,,,,,,,,,,,,,,,,,,,,,,,,,,,,,,,,,,,,,,,,,,,,
906,Dean Huijsen,es ESP,DF,Real Madrid,es La Liga,20.0,2005.0,7,7,569.0,6.3,0,1,1,0,0,0,1,1,0.3,0.3,1.0,1.3,9,52,4,0.16,0.2,906,es ESP,DF,es La Liga,20-175,2005.0,6.3,0,8,1,12.5,1.27,0.16,0.0,0.0,22.9,0,0,0,0.3,0.3,0.04,-0.3,-0.3,906,es ESP,DF,es La Liga,20-175,2005.0,6.3,458,518,88.4,9510,3326,1,1.0,0.8,0.0,5,63,0,0,52,906,es ESP,DF,es La Liga,20-175,2005.0,6.3,518,505,13,8,0,11,1,4,0,0,0,0,458,0,3,906,es ESP,DF,es La Liga,20-175,2005.0,6.3,10,1.58,10,0,0,0,0,0,1,0.16,906,es ESP,DF,es La Liga,20-175,2005.0,6.3,11,5,5,6,0,7,85.7,1,3,3,0,4,15,31,0,906,es ESP,DF,es La Liga,20-175,2005.0,6.3,584,30,149,371,64,12,584,0,0,,0,,389,1953,1174,9,6,2,1,0,436,4,1096,es ESP,DF,es La Liga,20-175,2005.0,7,569.0,81,79.0,6.3,7,81.0,5,0,,0,2.57,16,7,9,1.42,0.83,15.4,6.1,9.3,1.47,906,es ESP,DF,es La Liga,20-175,2005.0,6.3,1,1,0,8,4,0,1,4,5,0,0,0,24,21,6,77.8,,,,,,,,,,,,,,,,,,,,,,,,,,,,,,,,,,,,,,,,,,,,,,,,,,,,,
914,Lucas Høgsberg,dk DEN,DF,Strasbourg,fr Ligue 1,19.0,2006.0,5,5,435.0,4.8,0,0,0,0,0,0,2,1,0.0,0.0,0.0,0.0,0,25,0,0.0,0.01,914,dk DEN,DF,fr Ligue 1,19-105,2006.0,4.8,0,1,0,0.0,0.21,0.0,0.0,,8.1,0,0,0,0.0,0.0,0.04,0.0,0.0,914,dk DEN,DF,fr Ligue 1,19-105,2006.0,4.8,332,364,91.2,6187,2389,0,0.0,0.0,0.0,0,15,0,0,25,914,dk DEN,DF,fr Ligue 1,19-105,2006.0,4.8,364,335,28,9,0,1,0,5,0,0,0,0,332,1,2,914,dk DEN,DF,fr Ligue 1,19-105,2006.0,4.8,1,0.21,0,0,0,1,0,0,1,0.21,914,dk DEN,DF,fr Ligue 1,19-105,2006.0,4.8,4,2,3,1,0,5,40.0,3,3,3,0,6,10,18,2,914,dk DEN,DF,fr Ligue 1,19-105,2006.0,4.8,397,62,199,194,5,1,397,1,1,100.0,0,0.0,276,764,384,0,0,0,3,0,291,0,1104,dk DEN,DF,fr Ligue 1,19-105,2006.0,5,435.0,87,69.0,4.8,5,87.0,3,0,,0,1.8,10,5,5,1.03,0.11,9.6,4.9,4.6,0.96,914,dk DEN,DF,fr Ligue 1,19-105,2006.0,4.8,2,1,1,7,5,0,0,6,2,0,0,0,28,4,2,66.7,,,,,,,,,,,,,,,,,,,,,,,,,,,,,,,,,,,,,,,,,,,,,,,,,,,,,
948,Jérémy Jacquet,fr FRA,DF,Rennes,fr Ligue 1,20.0,2005.0,7,7,630.0,7.0,0,0,0,0,0,0,3,0,0.3,0.3,0.1,0.4,4,17,0,0.0,0.06,948,fr FRA,DF,fr Ligue 1,20-085,2005.0,7.0,0,1,0,0.0,0.14,0.0,0.0,,3.8,0,0,0,0.3,0.3,0.29,-0.3,-0.3,948,fr FRA,DF,fr Ligue 1,20-085,2005.0,7.0,406,439,92.5,8272,3005,0,0.1,0.1,-0.1,3,31,0,0,17,948,fr FRA,DF,fr Ligue 1,20-085,2005.0,7.0,439,395,43,25,0,1,0,1,0,0,0,0,406,1,0,948,fr FRA,DF,fr Ligue 1,20-085,2005.0,7.0,8,1.14,7,0,0,1,0,0,1,0.14,948,fr FRA,DF,fr Ligue 1,20-085,2005.0,7.0,10,4,6,4,0,6,66.7,2,8,4,4,5,15,42,2,948,fr FRA,DF,fr Ligue 1,20-085,2005.0,7.0,515,80,255,252,11,1,515,6,3,50.0,3,50.0,273,1541,911,4,3,0,3,0,354,0,1143,fr FRA,DF,fr Ligue 1,20-085,2005.0,7,630.0,90,100.0,7.0,7,90.0,7,0,,0,1.43,9,10,-1,-0.14,,8.7,12.3,-3.7,-0.52,948,fr FRA,DF,fr Ligue 1,20-085,2005.0,7.0,3,0,0,12,9,0,0,5,4,0,1,0,30,15,7,68.2,,,,,,,,,,,,,,,,,,,,,,,,,,,,,,,,,,,,,,,,,,,,,,,,,,,,,
986,Abdulai Juma Bah,sl SLE,DF,Nice,fr Ligue 1,19.0,2006.0,5,5,450.0,5.0,0,0,0,0,0,0,2,0,0.0,0.0,0.2,0.2,2,14,0,0.0,0.05,986,sl SLE,DF,fr Ligue 1,19-178,2006.0,5.0,0,1,0,0.0,0.2,0.0,0.0,,11.6,0,0,0,0.0,0.0,0.04,0.0,0.0,986,sl SLE,DF,fr Ligue 1,19-178,2006.0,5.0,321,343,93.6,5386,1829,0,0.2,0.3,-0.2,1,11,0,0,14,986,sl SLE,DF,fr Ligue 1,19-178,2006.0,5.0,343,326,17,11,0,0,0,1,0,0,0,0,321,0,0,986,sl SLE,DF,fr Ligue 1,19-178,2006.0,5.0,4,0.8,4,0,0,0,0,0,0,0.0,986,sl SLE,DF,fr Ligue 1,19-178,2006.0,5.0,6,4,3,3,0,2,50.0,1,6,3,3,3,9,26,0,986,sl SLE,DF,fr Ligue 1,19-178,2006.0,5.0,388,41,155,228,7,4,388,4,4,100.0,0,0.0,262,1348,687,2,1,0,1,1,266,0,1189,sl SLE,DF,fr Ligue 1,19-178,2006.0,5,450.0,90,71.4,5.0,5,90.0,5,0,,1,1.2,6,9,-3,-0.6,-0.6,7.3,7.5,-0.1,-0.03,986,sl SLE,DF,fr Ligue 1,19-178,2006.0,5.0,2,0,0,8,1,0,0,3,4,0,0,0,26,14,11,56.0,,,,,,,,,,,,,,,,,,,,,,,,,,,,,,,,,,,,,,,,,,,,,,,,,,,,,
1027,Michael Kayode,it ITA,DF,Brentford,eng Premier League,21.0,2004.0,7,7,616.0,6.8,0,0,0,0,0,0,0,0,0.0,0.0,0.4,0.4,11,14,27,0.0,0.05,1027,it ITA,DF,eng Premier League,21-088,2004.0,6.8,0,1,0,0.0,0.15,0.0,0.0,,12.6,0,0,0,0.0,0.0,0.02,0.0,0.0,1027,it ITA,DF,eng Premier League,21-088,2004.0,6.8,189,261,72.4,3056,852,0,0.4,0.2,-0.4,4,9,1,0,14,1027,it ITA,DF,eng Premier League,21-088,2004.0,6.8,261,189,72,2,0,0,8,70,0,0,0,0,189,0,7,1027,it ITA,DF,eng Premier League,21-088,2004.0,6.8,5,0.73,1,4,0,0,0,0,0,0.0,1027,it ITA,DF,eng Premier League,21-088,2004.0,6.8,14,6,8,6,0,11,81.8,2,9,5,4,7,21,21,0,1027,it ITA,DF,eng Premier League,21-088,2004.0,6.8,345,30,121,134,96,4,345,23,12,52.2,8,34.8,141,966,527,11,10,1,7,8,155,27,1237,it ITA,DF,eng Premier League,21-088,2004.0,7,616.0,88,97.8,6.8,7,88.0,5,0,,0,1.0,8,11,-3,-0.44,-0.44,7.7,9.4,-1.7,-0.25,1027,it ITA,DF,eng Premier League,21-088,2004.0,6.8,0,0,0,7,5,0,8,7,6,0,0,0,28,5,4,55.6,,,,,,,,,,,,,,,,,,,,,,,,,,,,,,,,,,,,,,,,,,,,,,,,,,,,,
1039,Milos Kerkez,hu HUN,DF,Liverpool,eng Premier League,21.0,2003.0,7,7,510.0,5.7,0,0,0,0,0,0,2,0,0.2,0.2,0.1,0.3,8,25,23,0.0,0.05,1039,hu HUN,DF,eng Premier League,21-333,2003.0,5.7,0,2,0,0.0,0.35,0.0,0.0,,9.8,0,0,0,0.2,0.2,0.1,-0.2,-0.2,1039,hu HUN,DF,eng Premier League,21-333,2003.0,5.7,248,300,82.7,3966,1180,0,0.1,0.1,-0.1,3,22,5,1,25,1039,hu HUN,DF,eng Premier League,21-333,2003.0,5.7,300,242,58,9,1,0,16,49,0,0,0,0,248,0,5,1039,hu HUN,DF,eng Premier League,21-333,2003.0,5.7,6,1.06,5,1,0,0,0,0,1,0.18,1039,hu HUN,DF,eng Premier League,21-333,2003.0,5.7,10,6,7,2,1,7,57.1,3,5,2,3,3,13,30,1,1039,hu HUN,DF,eng Premier League,21-333,2003.0,5.7,370,24,139,145,90,10,370,3,2,66.7,1,33.3,170,748,355,8,8,0,6,1,211,23,1250,hu HUN,DF,eng Premier League,21-333,2003.0,7,510.0,73,81.0,5.7,7,73.0,4,0,,0,2.14,9,6,3,0.53,-0.22,7.6,6.2,1.4,0.25,1039,hu HUN,DF,eng Premier League,21-333,2003.0,5.7,2,0,0,5,5,0,16,3,6,0,0,0,23,12,10,54.5,,,,,,,,,,,,,,,,,,,,,,,,,,,,,,,,,,,,,,,,,,,,,,,,,,,,,
1078,Arsène Kouassi,bf BFA,"DF,MF",Lorient,fr Ligue 1,21.0,2004.0,7,6,560.0,6.2,0,1,1,0,0,0,2,0,0.0,0.0,0.7,0.8,25,24,38,0.16,0.12,1078,bf BFA,"DF,MF",fr Ligue 1,21-025,2004.0,6.2,0,1,0,0.0,0.16,0.0,0.0,,21.9,1,0,0,0.0,0.0,0.05,0.0,0.0,1078,bf BFA,"DF,MF",fr Ligue 1,21-025,2004.0,6.2,210,265,79.2,3571,1190,1,0.7,0.8,0.3,7,14,5,3,24,1078,bf BFA,"DF,MF",fr Ligue 1,21-025,2004.0,6.2,265,214,50,7,0,0,34,34,9,3,5,0,210,1,6,1078,bf BFA,"DF,MF",fr Ligue 1,21-025,2004.0,6.2,15,2.41,8,5,0,1,1,0,2,0.32,1078,bf BFA,"DF,MF",fr Ligue 1,21-025,2004.0,6.2,6,5,5,1,0,2,100.0,0,2,0,2,4,10,13,0,1078,bf BFA,"DF,MF",fr Ligue 1,21-025,2004.0,6.2,314,8,91,122,109,10,314,25,13,52.0,8,32.0,193,1336,837,25,11,4,2,3,188,38,1303,bf BFA,"DF,MF",fr Ligue 1,21-025,2004.0,7,560.0,80,88.9,6.2,6,81.0,2,1,77.0,0,1.0,9,12,-3,-0.48,4.66,7.7,9.1,-1.4,-0.22,1078,bf BFA,"DF,MF",fr Ligue 1,21-025,2004.0,6.2,2,0,0,4,10,2,34,4,5,0,0,0,28,1,5,16.7,,,,,,,,,,,,,,,,,,,,,,,,,,,,,,,,,,,,,,,,,,,,,,,,,,,,,
1080,Konstantinos Koulierakis,gr GRE,DF,Wolfsburg,de Bundesliga,21.0,2003.0,6,6,540.0,6.0,0,0,0,0,0,0,1,0,1.2,1.2,0.2,1.4,5,21,3,0.0,0.23,1080,gr GRE,DF,de Bundesliga,21-312,2003.0,6.0,0,8,2,25.0,1.33,0.33,0.0,0.0,15.5,0,0,0,1.2,1.2,0.15,-1.2,-1.2,1080,gr GRE,DF,de Bundesliga,21-312,2003.0,6.0,306,361,84.8,5949,2362,0,0.2,0.3,-0.2,2,22,1,1,21,1080,gr GRE,DF,de Bundesliga,21-312,2003.0,6.0,361,320,41,11,1,6,6,0,0,0,0,0,306,0,0,1080,gr GRE,DF,de Bundesliga,21-312,2003.0,6.0,6,1.0,4,0,1,1,0,0,0,0.0,1080,gr GRE,DF,de Bundesliga,21-312,2003.0,6.0,5,3,5,0,0,1,0.0,1,8,6,2,7,12,33,1,1080,gr GRE,DF,de Bundesliga,21-312,2003.0,6.0,432,100,251,157,25,6,432,1,1,100.0,0,0.0,227,1113,699,5,5,0,1,2,279,3,1305,gr GRE,DF,de Bundesliga,21-312,2003.0,6,540.0,90,100.0,6.0,6,90.0,6,0,,0,0.83,8,10,-2,-0.33,,9.5,9.5,0.0,0.0,1080,gr GRE,DF,de Bundesliga,21-312,2003.0,6.0,1,0,0,8,2,0,6,7,3,0,1,0,16,10,11,47.6,,,,,,,,,,,,,,,,,,,,,,,,,,,,,,,,,,,,,,,,,,,,,,,,,,,,,
1150,Louis Leroux,fr FRA,"MF,DF",Nantes,fr Ligue 1,19.0,2006.0,7,5,476.0,5.3,1,0,1,1,0,0,1,0,0.2,0.2,0.1,0.3,5,18,13,0.19,0.06,1150,fr FRA,"MF,DF",fr Ligue 1,19-256,2006.0,5.3,1,3,1,33.3,0.57,0.19,0.33,1.0,17.7,0,0,0,0.2,0.2,0.06,0.8,0.8,1150,fr FRA,"MF,DF",fr Ligue 1,19-256,2006.0,5.3,142,187,75.9,2574,1029,0,0.1,0.5,-0.1,4,15,5,3,18,1150,fr FRA,"MF,DF",fr Ligue 1,19-256,2006.0,5.3,187,154,33,7,0,0,13,22,4,2,0,0,142,0,5,1150,fr FRA,"MF,DF",fr Ligue 1,19-256,2006.0,5.3,12,2.27,10,1,0,1,0,0,0,0.0,1150,fr FRA,"MF,DF",fr Ligue 1,19-256,2006.0,5.3,11,7,8,3,0,11,72.7,3,9,1,8,3,14,11,0,1150,fr FRA,"MF,DF",fr Ligue 1,19-256,2006.0,5.3,236,8,77,119,41,7,236,8,3,37.5,5,62.5,125,496,225,5,1,1,6,3,136,13,1393,fr FRA,"MF,DF",fr Ligue 1,19-256,2006.0,7,476.0,68,75.6,5.3,5,85.0,2,2,26.0,0,0.86,3,5,-2,-0.38,-0.38,3.3,7.4,-4.1,-0.78,1150,fr FRA,"MF,DF",fr Ligue 1,19-256,2006.0,5.3,1,0,0,3,3,0,13,3,7,0,0,0,14,3,1,75.0,,,,,,,,,,,,,,,,,,,,,,,,,,,,,,,,,,,,,,,,,,,,,,,,,,,,,
1285,Franco Mastantuono,ar ARG,"FW,DF",Real Madrid,es La Liga,18.0,2007.0,7,5,402.0,4.5,1,0,1,1,0,0,3,0,1.9,1.9,0.6,2.6,6,16,52,0.22,0.57,1285,ar ARG,"FW,DF",es La Liga,18-053,2007.0,4.5,1,16,3,18.8,3.58,0.67,0.06,0.33,17.7,1,0,0,1.9,1.9,0.12,-0.9,-0.9,1285,ar ARG,"FW,DF",es La Liga,18-053,2007.0,4.5,203,236,86.0,2911,572,0,0.6,1.0,-0.6,5,13,8,2,16,1285,ar ARG,"FW,DF",es La Liga,18-053,2007.0,4.5,236,221,15,5,4,3,15,1,9,5,1,0,203,0,5,1285,ar ARG,"FW,DF",es La Liga,18-053,2007.0,4.5,16,3.58,10,2,2,1,1,0,0,0.0,1285,ar ARG,"FW,DF",es La Liga,18-053,2007.0,4.5,11,8,3,4,4,16,43.8,9,7,0,7,0,11,1,1,1285,ar ARG,"FW,DF",es La Liga,18-053,2007.0,4.5,324,1,21,136,171,19,324,32,12,37.5,15,46.9,223,1355,439,6,9,2,17,9,251,52,1561,ar ARG,"FW,DF",es La Liga,18-053,2007.0,7,402.0,57,55.8,4.5,5,69.0,0,2,28.0,1,2.57,11,5,6,1.34,0.21,10.1,5.0,5.1,1.14,1285,ar ARG,"FW,DF",es La Liga,18-053,2007.0,4.5,3,0,0,9,12,0,15,0,8,0,0,0,17,2,2,50.0,,,,,,,,,,,,,,,,,,,,,,,,,,,,,,,,,,,,,,,,,,,,,,,,,,,,,
1296,Christian Mawissa,fr FRA,DF,Monaco,fr Ligue 1,20.0,2005.0,4,4,360.0,4.0,0,0,0,0,0,0,1,0,0.0,0.0,0.0,0.0,3,15,2,0.0,0.0,1296,fr FRA,DF,fr Ligue 1,20-171,2005.0,4.0,0,0,0,,0.0,0.0,,,,0,0,0,0.0,0.0,,0.0,0.0,1296,fr FRA,DF,fr Ligue 1,20-171,2005.0,4.0,317,335,94.6,5368,1273,0,0.0,0.1,0.0,0,21,0,0,15,1296,fr FRA,DF,fr Ligue 1,20-171,2005.0,4.0,335,313,22,8,0,1,1,2,0,0,0,0,317,0,3,1296,fr FRA,DF,fr Ligue 1,20-171,2005.0,4.0,2,0.5,1,0,0,0,1,0,0,0.0,1296,fr FRA,DF,fr Ligue 1,20-171,2005.0,4.0,4,3,1,3,0,7,42.9,4,4,4,0,6,10,23,0,1296,fr FRA,DF,fr Ligue 1,20-171,2005.0,4.0,378,46,137,233,10,2,378,5,4,80.0,1,20.0,227,1174,688,3,4,0,2,2,280,2,1576,fr FRA,DF,fr Ligue 1,20-171,2005.0,4,360.0,90,57.1,4.0,4,90.0,4,0,,1,1.5,7,7,0,0.0,-1.33,5.9,7.0,-1.1,-0.26,1296,fr FRA,DF,fr Ligue 1,20-171,2005.0,4.0,1,0,0,2,5,0,1,6,3,0,1,0,22,6,5,54.5,,,,,,,,,,,,,,,,,,,,,,,,,,,,,,,,,,,,,,,,,,,,,,,,,,,,,
1328,Antoine Mendy,sn SEN,DF,Nice,fr Ligue 1,21.0,2004.0,5,5,426.0,4.7,0,0,0,0,0,0,1,0,0.2,0.2,0.0,0.2,3,22,4,0.0,0.05,1328,sn SEN,DF,fr Ligue 1,21-132,2004.0,4.7,0,3,1,33.3,0.63,0.21,0.0,0.0,23.6,0,0,0,0.2,0.2,0.08,-0.2,-0.2,1328,sn SEN,DF,fr Ligue 1,21-132,2004.0,4.7,252,305,82.6,3964,1333,0,0.0,0.2,0.0,0,21,0,0,22,1328,sn SEN,DF,fr Ligue 1,21-132,2004.0,4.7,305,274,31,21,1,4,7,8,0,0,0,0,252,0,5,1328,sn SEN,DF,fr Ligue 1,21-132,2004.0,4.7,4,0.85,3,0,0,1,0,0,1,0.21,1328,sn SEN,DF,fr Ligue 1,21-132,2004.0,4.7,13,9,7,4,2,10,20.0,8,6,2,4,2,15,36,2,1328,sn SEN,DF,fr Ligue 1,21-132,2004.0,4.7,367,43,151,188,30,1,367,2,1,50.0,1,50.0,204,1160,707,3,4,1,2,1,222,4,1612,sn SEN,DF,fr Ligue 1,21-132,2004.0,5,426.0,85,67.6,4.7,5,85.0,4,0,,2,1.0,7,7,0,0.0,1.32,5.2,8.4,-3.2,-0.68,1328,sn SEN,DF,fr Ligue 1,21-132,2004.0,4.7,1,0,0,8,8,1,7,2,9,0,1,0,24,21,6,77.8,,,,,,,,,,,,,,,,,,,,,,,,,,,,,,,,,,,,,,,,,,,,,,,,,,,,,
1339,Dayann Methalie,fr FRA,"MF,DF",Toulouse,fr Ligue 1,19.0,2006.0,7,5,444.0,4.9,0,0,0,0,0,0,2,0,0.3,0.3,0.2,0.5,11,4,17,0.0,0.11,1339,fr FRA,"MF,DF",fr Ligue 1,19-233,2006.0,4.9,0,4,3,75.0,0.81,0.61,0.0,0.0,19.7,0,0,0,0.3,0.3,0.08,-0.3,-0.3,1339,fr FRA,"MF,DF",fr Ligue 1,19-233,2006.0,4.9,92,125,73.6,1631,406,0,0.2,0.2,-0.2,2,4,1,1,4,1339,fr FRA,"MF,DF",fr Ligue 1,19-233,2006.0,4.9,125,103,21,2,0,0,7,19,0,0,0,0,92,1,4,1339,fr FRA,"MF,DF",fr Ligue 1,19-233,2006.0,4.9,4,0.81,4,0,0,0,0,0,0,0.0,1339,fr FRA,"MF,DF",fr Ligue 1,19-233,2006.0,4.9,18,11,12,3,3,9,100.0,0,6,1,5,7,25,17,0,1339,fr FRA,"MF,DF",fr Ligue 1,19-233,2006.0,4.9,217,14,81,85,57,12,217,16,6,37.5,10,62.5,90,612,326,11,8,5,17,3,90,17,1629,fr FRA,"MF,DF",fr Ligue 1,19-233,2006.0,7,444.0,63,70.5,4.9,5,77.0,0,2,30.0,0,1.43,6,7,-1,-0.2,-0.2,5.9,6.0,-0.1,-0.03,1339,fr FRA,"MF,DF",fr Ligue 1,19-233,2006.0,4.9,2,0,0,17,5,0,7,7,11,0,0,0,24,2,6,25.0,,,,,,,,,,,,,,,,,,,,,,,,,,,,,,,,,,,,,,,,,,,,,,,,,,,,,
1382,Diego Moreira,be BEL,"DF,FW",Strasbourg,fr Ligue 1,21.0,2004.0,6,5,442.0,4.9,0,1,1,0,0,0,1,0,0.2,0.2,1.7,1.9,16,25,37,0.2,0.38,1382,be BEL,"DF,FW",fr Ligue 1,21-061,2004.0,4.9,0,4,1,25.0,0.81,0.2,0.0,0.0,20.8,0,0,0,0.2,0.2,0.05,-0.2,-0.2,1382,be BEL,"DF,FW",fr Ligue 1,21-061,2004.0,4.9,161,212,75.9,2536,823,1,1.7,0.9,-0.7,12,9,12,4,25,1382,be BEL,"DF,FW",fr Ligue 1,21-061,2004.0,4.9,212,197,15,2,0,0,21,13,0,0,0,0,161,0,6,1382,be BEL,"DF,FW",fr Ligue 1,21-061,2004.0,4.9,15,3.05,13,0,2,0,0,0,2,0.41,1382,be BEL,"DF,FW",fr Ligue 1,21-061,2004.0,4.9,12,7,5,2,5,14,64.3,5,6,1,5,1,13,11,0,1382,be BEL,"DF,FW",fr Ligue 1,21-061,2004.0,4.9,274,16,59,114,104,10,274,19,6,31.6,13,68.4,153,863,455,16,9,4,8,5,193,37,1686,be BEL,"DF,FW",fr Ligue 1,21-061,2004.0,6,442.0,74,70.2,4.9,5,83.0,2,1,27.0,0,2.0,9,5,4,0.81,-0.62,9.6,5.4,4.2,0.86,1382,be BEL,"DF,FW",fr Ligue 1,21-061,2004.0,4.9,1,0,0,2,4,1,21,1,7,0,0,0,17,4,5,44.4,,,,,,,,,,,,,,,,,,,,,,,,,,,,,,,,,,,,,,,,,,,,,,,,,,,,,
1485,Brooke Norton-Cuffy,eng ENG,"DF,FW",Genoa,it Serie A,21.0,2004.0,6,6,540.0,6.0,0,1,1,0,0,0,2,0,0.2,0.2,0.3,0.5,12,9,11,0.17,0.09,1485,eng ENG,"DF,FW",it Serie A,21-267,2004.0,6.0,0,1,0,0.0,0.17,0.0,0.0,,5.0,0,0,0,0.2,0.2,0.19,-0.2,-0.2,1485,eng ENG,"DF,FW",it Serie A,21-267,2004.0,6.0,223,281,79.4,3803,1485,1,0.3,0.6,0.7,3,13,2,1,9,1485,eng ENG,"DF,FW",it Serie A,21-267,2004.0,6.0,281,222,59,13,0,0,12,46,0,0,0,0,223,0,5,1485,eng ENG,"DF,FW",it Serie A,21-267,2004.0,6.0,12,2.0,8,0,3,1,0,0,3,0.5,1485,eng ENG,"DF,FW",it Serie A,21-267,2004.0,6.0,13,9,9,3,1,9,88.9,1,7,2,5,2,15,13,0,1485,eng ENG,"DF,FW",it Serie A,21-267,2004.0,6.0,338,18,125,147,74,8,338,16,11,68.8,3,18.8,168,991,447,12,6,4,10,4,185,11,1808,eng ENG,"DF,FW",it Serie A,21-267,2004.0,6,540.0,90,100.0,6.0,6,90.0,6,0,,0,0.33,3,9,-6,-1.0,,5.8,7.1,-1.4,-0.23,1485,eng ENG,"DF,FW",it Serie A,21-267,2004.0,6.0,2,0,0,10,2,0,12,2,9,0,0,0,15,5,2,71.4,,,,,,,,,,,,,,,,,,,,,,,,,,,,,,,,,,,,,,,,,,,,,,,,,,,,,
1534,Abdoul Ouattara,fr FRA,"DF,MF",Strasbourg,fr Ligue 1,19.0,2005.0,7,5,459.0,5.1,2,0,2,2,0,0,1,0,1.1,1.1,1.2,2.3,10,22,37,0.39,0.45,1534,fr FRA,"DF,MF",fr Ligue 1,19-349,2005.0,5.1,2,6,4,66.7,1.18,0.78,0.33,0.5,17.4,0,0,0,1.1,1.1,0.18,0.9,0.9,1534,fr FRA,"DF,MF",fr Ligue 1,19-349,2005.0,5.1,198,230,86.1,3072,533,0,1.2,0.5,-1.2,2,11,5,1,22,1534,fr FRA,"DF,MF",fr Ligue 1,19-349,2005.0,5.1,230,208,21,1,1,0,6,17,0,0,0,0,198,1,2,1534,fr FRA,"DF,MF",fr Ligue 1,19-349,2005.0,5.1,10,1.96,8,0,1,1,0,0,1,0.2,1534,fr FRA,"DF,MF",fr Ligue 1,19-349,2005.0,5.1,4,2,3,1,0,3,0.0,3,4,0,4,5,9,9,0,1534,fr FRA,"DF,MF",fr Ligue 1,19-349,2005.0,5.1,279,9,51,148,81,9,279,8,2,25.0,6,75.0,158,683,322,10,5,1,6,4,193,37,1879,fr FRA,"DF,MF",fr Ligue 1,19-349,2005.0,7,459.0,66,72.9,5.1,5,74.0,3,2,45.0,0,2.14,11,5,6,1.18,0.65,10.7,5.0,5.7,1.12,1534,fr FRA,"DF,MF",fr Ligue 1,19-349,2005.0,5.1,1,0,0,7,1,0,6,5,2,0,0,0,16,0,3,0.0,,,,,,,,,,,,,,,,,,,,,,,,,,,,,,,,,,,,,,,,,,,,,,,,,,,,,
1545,Nico O’Reilly,eng ENG,"DF,MF",Manchester City,eng Premier League,20.0,2005.0,6,4,392.0,4.4,0,0,0,0,0,0,2,0,0.1,0.1,0.2,0.4,11,9,15,0.0,0.08,1545,eng ENG,"DF,MF",eng Premier League,20-199,2005.0,4.4,0,3,0,0.0,0.69,0.0,0.0,,27.2,0,0,0,0.1,0.1,0.03,-0.1,-0.1,1545,eng ENG,"DF,MF",eng Premier League,20-199,2005.0,4.4,222,265,83.8,2658,851,0,0.2,0.2,-0.2,4,7,4,2,9,1545,eng ENG,"DF,MF",eng Premier League,20-199,2005.0,4.4,265,215,48,4,0,0,3,44,0,0,0,0,222,2,7,1545,eng ENG,"DF,MF",eng Premier League,20-199,2005.0,4.4,8,1.84,6,0,0,2,0,0,0,0.0,1545,eng ENG,"DF,MF",eng Premier League,20-199,2005.0,4.4,17,7,9,6,2,15,73.3,4,6,3,3,4,21,11,0,1545,eng ENG,"DF,MF",eng Premier League,20-199,2005.0,4.4,321,17,87,159,78,7,321,8,3,37.5,5,62.5,160,797,464,11,12,1,8,7,200,15,1891,eng ENG,"DF,MF",eng Premier League,20-199,2005.0,6,392.0,65,62.2,4.4,4,87.0,2,2,22.0,1,2.17,9,2,7,1.61,0.85,6.0,4.4,1.6,0.36,1545,eng ENG,"DF,MF",eng Premier League,20-199,2005.0,4.4,2,0,0,4,0,0,3,4,7,0,0,0,20,7,12,36.8,,,,,,,,,,,,,,,,,,,,,,,,,,,,,,,,,,,,,,,,,,,,,,,,,,,,,
1553,Marco Palestra,it ITA,DF,Cagliari,it Serie A,20.0,2005.0,5,4,388.0,4.3,0,1,1,0,0,0,0,0,0.0,0.0,1.0,1.0,22,3,15,0.23,0.23,1553,it ITA,DF,it Serie A,20-217,2005.0,4.3,0,1,1,100.0,0.23,0.23,0.0,0.0,18.4,0,0,0,0.0,0.0,0.04,0.0,0.0,1553,it ITA,DF,it Serie A,20-217,2005.0,4.3,104,142,73.2,1566,550,1,1.0,0.5,0.0,5,5,1,1,3,1553,it ITA,DF,it Serie A,20-217,2005.0,4.3,142,113,29,2,0,1,15,27,0,0,0,0,104,0,5,1553,it ITA,DF,it Serie A,20-217,2005.0,4.3,10,2.32,8,0,2,0,0,0,1,0.23,1553,it ITA,DF,it Serie A,20-217,2005.0,4.3,4,3,2,2,0,4,75.0,1,2,1,1,3,7,8,1,1553,it ITA,DF,it Serie A,20-217,2005.0,4.3,174,9,57,68,50,8,174,10,5,50.0,4,40.0,99,774,493,22,7,5,4,0,109,15,1904,it ITA,DF,it Serie A,20-217,2005.0,5,388.0,78,71.9,4.3,4,88.0,3,1,36.0,0,1.4,4,4,0,0.0,0.0,4.1,8.2,-4.1,-0.95,1553,it ITA,DF,it Serie A,20-217,2005.0,4.3,0,0,0,3,9,0,15,3,3,0,0,0,9,1,2,33.3,,,,,,,,,,,,,,,,,,,,,,,,,,,,,,,,,,,,,,,,,,,,,,,,,,,,,
1592,Kojo Peprah Oppong,gh GHA,DF,Nice,fr Ligue 1,21.0,2004.0,7,6,592.0,6.6,1,0,1,1,0,0,1,0,0.3,0.3,0.3,0.6,13,39,4,0.15,0.09,1592,gh GHA,DF,fr Ligue 1,21-124,2004.0,6.6,1,3,2,66.7,0.46,0.3,0.33,0.5,22.1,0,0,0,0.3,0.3,0.11,0.7,0.7,1592,gh GHA,DF,fr Ligue 1,21-124,2004.0,6.6,352,390,90.3,5420,1793,0,0.3,0.3,-0.3,6,40,3,1,39,1592,gh GHA,DF,fr Ligue 1,21-124,2004.0,6.6,390,375,15,9,0,4,5,1,0,0,0,0,352,0,4,1592,gh GHA,DF,fr Ligue 1,21-124,2004.0,6.6,12,1.82,12,0,0,0,0,0,0,0.0,1592,gh GHA,DF,fr Ligue 1,21-124,2004.0,6.6,14,11,7,4,3,7,57.1,3,5,4,1,8,22,26,0,1592,gh GHA,DF,fr Ligue 1,21-124,2004.0,6.6,456,37,139,264,56,5,456,8,6,75.0,1,12.5,319,1805,1071,13,9,1,1,3,335,4,1951,gh GHA,DF,fr Ligue 1,21-124,2004.0,7,592.0,85,94.0,6.6,6,90.0,5,1,53.0,0,1.14,8,12,-4,-0.61,-2.98,9.0,11.8,-2.8,-0.43,1592,gh GHA,DF,fr Ligue 1,21-124,2004.0,6.6,1,0,0,8,9,1,5,8,11,0,0,0,17,10,11,47.6,,,,,,,,,,,,,,,,,,,,,,,,,,,,,,,,,,,,,,,,,,,,,,,,,,,,,
1643,Leopold Querfeld,at AUT,DF,Union Berlin,de Bundesliga,21.0,2003.0,6,6,540.0,6.0,0,0,0,0,0,0,3,0,0.1,0.1,0.5,0.5,0,11,1,0.0,0.09,1643,at AUT,DF,de Bundesliga,21-290,2003.0,6.0,0,4,1,25.0,0.67,0.17,0.0,0.0,23.5,1,0,0,0.1,0.1,0.02,-0.1,-0.1,1643,at AUT,DF,de Bundesliga,21-290,2003.0,6.0,164,190,86.3,4090,1667,0,0.5,0.3,-0.5,5,14,3,0,11,1643,at AUT,DF,de Bundesliga,21-290,2003.0,6.0,190,171,19,12,1,1,0,0,0,0,0,0,164,0,1,1643,at AUT,DF,de Bundesliga,21-290,2003.0,6.0,6,1.0,6,0,0,0,0,0,0,0.0,1643,at AUT,DF,de Bundesliga,21-290,2003.0,6.0,8,4,4,4,0,6,50.0,3,7,5,2,8,16,44,0,1643,at AUT,DF,de Bundesliga,21-290,2003.0,6.0,269,46,141,118,11,6,269,0,0,,0,,128,588,314,0,0,0,2,1,131,1,2028,at AUT,DF,de Bundesliga,21-290,2003.0,6,540.0,90,100.0,6.0,6,90.0,6,0,,0,1.17,8,13,-5,-0.83,,7.9,12.7,-4.8,-0.8,1643,at AUT,DF,de Bundesliga,21-290,2003.0,6.0,3,0,0,5,6,0,0,8,4,0,2,0,12,16,8,66.7,,,,,,,,,,,,,,,,,,,,,,,,,,,,,,,,,,,,,,,,,,,,,,,,,,,,,
1654,Jacobo Ramón,es ESP,DF,Como,it Serie A,20.0,2005.0,5,5,402.0,4.5,0,0,0,0,0,0,2,1,0.3,0.3,0.1,0.4,1,14,6,0.0,0.09,1654,es ESP,DF,it Serie A,20-273,2005.0,4.5,0,9,1,11.1,2.01,0.22,0.0,0.0,16.7,0,0,0,0.3,0.3,0.04,-0.3,-0.3,1654,es ESP,DF,it Serie A,20-273,2005.0,4.5,258,282,91.5,4855,1541,0,0.1,0.1,-0.1,2,10,0,0,14,1654,es ESP,DF,it Serie A,20-273,2005.0,4.5,282,273,9,7,0,2,0,1,0,0,0,0,258,0,1,1654,es ESP,DF,it Serie A,20-273,2005.0,4.5,5,1.12,3,0,1,0,0,1,0,0.0,1654,es ESP,DF,it Serie A,20-273,2005.0,4.5,12,7,8,3,1,4,100.0,0,5,2,3,7,19,23,1,1654,es ESP,DF,it Serie A,20-273,2005.0,4.5,344,44,166,164,17,11,344,4,3,75.0,1,25.0,181,777,393,1,2,1,2,2,233,6,2044,es ESP,DF,it Serie A,20-273,2005.0,5,402.0,80,74.4,4.5,5,80.0,3,0,,0,1.2,5,2,3,0.67,1.32,6.1,4.5,1.6,0.37,1654,es ESP,DF,it Serie A,20-273,2005.0,4.5,2,1,0,8,1,0,0,7,7,0,0,0,22,23,9,71.9,,,,,,,,,,,,,,,,,,,,,,,,,,,,,,,,,,,,,,,,,,,,,,,,,,,,,
1673,Vitor Reis,br BRA,DF,Girona,es La Liga,19.0,2006.0,7,6,528.0,5.9,0,0,0,0,0,0,2,1,0.1,0.1,0.3,0.4,4,27,0,0.0,0.07,1673,br BRA,DF,es La Liga,19-267,2006.0,5.9,0,3,0,0.0,0.51,0.0,0.0,,17.7,0,0,0,0.1,0.1,0.03,-0.1,-0.1,1673,br BRA,DF,es La Liga,19-267,2006.0,5.9,296,330,89.7,5304,1614,0,0.3,0.0,-0.3,1,15,0,0,27,1673,br BRA,DF,es La Liga,19-267,2006.0,5.9,330,312,17,15,0,2,0,2,0,0,0,0,296,1,1,1673,br BRA,DF,es La Liga,19-267,2006.0,5.9,6,1.02,4,0,0,2,0,0,0,0.0,1673,br BRA,DF,es La Liga,19-267,2006.0,5.9,8,4,4,4,0,5,80.0,1,13,10,3,6,14,35,0,1673,br BRA,DF,es La Liga,19-267,2006.0,5.9,399,47,190,199,11,4,399,1,0,0.0,1,100.0,259,1244,730,4,1,0,1,2,269,0,2069,br BRA,DF,es La Liga,19-267,2006.0,7,528.0,75,73.3,5.9,6,83.0,5,1,33.0,0,0.71,3,10,-7,-1.19,1.15,5.3,9.2,-3.9,-0.66,1673,br BRA,DF,es La Liga,19-267,2006.0,5.9,2,1,0,5,3,0,0,6,4,0,0,0,18,16,14,53.3,,,,,,,,,,,,,,,,,,,,,,,,,,,,,,,,,,,,,,,,,,,,,,,,,,,,,
1809,Mamadou Sarr,fr FRA,DF,Strasbourg,fr Ligue 1,20.0,2005.0,6,6,540.0,6.0,0,0,0,0,0,0,2,0,0.0,0.0,0.1,0.1,4,12,2,0.0,0.01,1809,fr FRA,DF,fr Ligue 1,20-038,2005.0,6.0,0,0,0,,0.0,0.0,,,,0,0,0,0.0,0.0,,0.0,0.0,1809,fr FRA,DF,fr Ligue 1,20-038,2005.0,6.0,349,373,93.6,6575,2415,0,0.1,0.1,-0.1,1,18,0,0,12,1809,fr FRA,DF,fr Ligue 1,20-038,2005.0,6.0,373,346,27,14,0,1,0,6,0,0,0,0,349,0,0,1809,fr FRA,DF,fr Ligue 1,20-038,2005.0,6.0,5,0.83,5,0,0,0,0,0,0,0.0,1809,fr FRA,DF,fr Ligue 1,20-038,2005.0,6.0,14,11,6,7,1,9,55.6,4,5,1,4,2,16,28,0,1809,fr FRA,DF,fr Ligue 1,20-038,2005.0,6.0,435,51,201,224,12,1,435,4,3,75.0,1,25.0,266,1223,538,4,1,0,5,4,294,2,2236,fr FRA,DF,fr Ligue 1,20-038,2005.0,6,540.0,90,85.7,6.0,6,90.0,6,0,,0,2.0,9,7,2,0.33,-4.67,8.8,6.9,1.9,0.31,1809,fr FRA,DF,fr Ligue 1,20-038,2005.0,6.0,2,0,0,5,2,0,0,2,11,0,0,0,32,11,9,55.0,,,,,,,,,,,,,,,,,,,,,,,,,,,,,,,,,,,,,,,,,,,,,,,,,,,,,
1955,Tylel Tati,fr FRA,DF,Nantes,fr Ligue 1,17.0,2008.0,6,6,515.0,5.7,0,0,0,0,0,0,1,0,0.0,0.0,0.0,0.0,3,6,0,0.0,0.01,1955,fr FRA,DF,fr Ligue 1,17-260,2008.0,5.7,0,1,0,0.0,0.17,0.0,0.0,,36.3,0,0,0,0.0,0.0,0.02,0.0,0.0,1955,fr FRA,DF,fr Ligue 1,17-260,2008.0,5.7,275,311,88.4,5409,1132,0,0.0,0.1,0.0,1,3,1,0,6,1955,fr FRA,DF,fr Ligue 1,17-260,2008.0,5.7,311,297,14,12,0,0,0,0,0,0,0,0,275,0,2,1955,fr FRA,DF,fr Ligue 1,17-260,2008.0,5.7,5,0.87,4,0,0,0,0,1,0,0.0,1955,fr FRA,DF,fr Ligue 1,17-260,2008.0,5.7,5,2,4,1,0,3,100.0,0,4,3,1,6,11,24,1,1955,fr FRA,DF,fr Ligue 1,17-260,2008.0,5.7,363,69,238,122,5,1,363,6,4,66.7,2,33.3,256,1090,578,3,1,0,3,0,277,0,2417,fr FRA,DF,fr Ligue 1,17-260,2008.0,6,515.0,86,81.7,5.7,6,86.0,5,0,,0,0.83,4,7,-3,-0.52,-1.31,4.1,9.0,-4.9,-0.85,1955,fr FRA,DF,fr Ligue 1,17-260,2008.0,5.7,1,0,0,9,2,0,0,6,2,0,1,0,9,1,5,16.7,,,,,,,,,,,,,,,,,,,,,,,,,,,,,,,,,,,,,,,,,,,,,,,,,,,,,
2032,Lukas Ullrich,de GER,DF,Gladbach,de Bundesliga,21.0,2004.0,6,5,396.0,4.4,0,0,0,0,0,0,1,0,0.1,0.1,0.3,0.3,5,12,24,0.0,0.08,2032,de GER,DF,de Bundesliga,21-204,2004.0,4.4,0,1,0,0.0,0.23,0.0,0.0,,13.4,0,0,0,0.1,0.1,0.07,-0.1,-0.1,2032,de GER,DF,de Bundesliga,21-204,2004.0,4.4,145,188,77.1,2324,815,0,0.3,0.5,-0.3,6,11,9,2,12,2032,de GER,DF,de Bundesliga,21-204,2004.0,4.4,188,171,17,3,0,0,8,14,0,0,0,0,145,0,3,2032,de GER,DF,de Bundesliga,21-204,2004.0,4.4,10,2.27,9,0,0,0,0,1,0,0.0,2032,de GER,DF,de Bundesliga,21-204,2004.0,4.4,12,6,3,8,1,7,42.9,4,5,1,4,7,19,11,0,2032,de GER,DF,de Bundesliga,21-204,2004.0,4.4,234,12,66,116,55,5,234,5,3,60.0,2,40.0,123,524,230,5,8,0,9,5,143,24,2504,de GER,DF,de Bundesliga,21-204,2004.0,6,396.0,66,73.3,4.4,5,78.0,1,1,6.0,0,0.5,3,10,-7,-1.59,-1.59,5.1,5.9,-0.8,-0.17,2032,de GER,DF,de Bundesliga,21-204,2004.0,4.4,1,0,0,3,1,0,8,7,6,0,0,0,16,3,3,50.0,,,,,,,,,,,,,,,,,,,,,,,,,,,,,,,,,,,,,,,,,,,,,,,,,,,,,
2043,Álex Valle,es ESP,DF,Como,it Serie A,21.0,2004.0,6,5,463.0,5.1,0,0,0,0,0,0,1,0,0.1,0.1,0.0,0.2,4,13,8,0.0,0.03,2043,es ESP,DF,it Serie A,21-164,2004.0,5.1,0,3,0,0.0,0.58,0.0,0.0,,19.2,0,0,0,0.1,0.1,0.04,-0.1,-0.1,2043,es ESP,DF,it Serie A,21-164,2004.0,5.1,225,272,82.7,3268,1159,0,0.0,0.1,0.0,1,14,1,0,13,2043,es ESP,DF,it Serie A,21-164,2004.0,5.1,272,211,61,7,1,0,6,54,0,0,0,0,225,0,7,2043,es ESP,DF,it Serie A,21-164,2004.0,5.1,6,1.17,3,1,0,0,1,1,1,0.19,2043,es ESP,DF,it Serie A,21-164,2004.0,5.1,16,11,7,7,2,16,56.3,7,10,4,6,6,22,17,0,2043,es ESP,DF,it Serie A,21-164,2004.0,5.1,341,20,117,162,62,6,341,6,1,16.7,5,83.3,131,688,270,4,2,0,7,1,178,8,2519,es ESP,DF,it Serie A,21-164,2004.0,6,463.0,77,85.7,5.1,5,88.0,4,1,22.0,0,1.5,5,4,1,0.19,-0.97,6.1,4.5,1.6,0.32,2043,es ESP,DF,it Serie A,21-164,2004.0,5.1,1,0,0,15,7,0,6,6,11,0,0,0,14,2,2,50.0,,,,,,,,,,,,,,,,,,,,,,,,,,,,,,,,,,,,,,,,,,,,,,,,,,,,,
2094,Luka Vušković,hr CRO,DF,Hamburger SV,de Bundesliga,18.0,2007.0,4,4,360.0,4.0,1,0,1,1,0,0,0,0,0.6,0.6,0.1,0.7,4,9,0,0.25,0.17,2094,hr CRO,DF,de Bundesliga,18-224,2007.0,4.0,1,4,1,25.0,1.0,0.25,0.25,1.0,8.2,0,0,0,0.6,0.6,0.16,0.4,0.4,2094,hr CRO,DF,de Bundesliga,18-224,2007.0,4.0,193,236,81.8,3391,1002,0,0.1,0.1,-0.1,2,4,0,0,9,2094,hr CRO,DF,de Bundesliga,18-224,2007.0,4.0,236,216,19,11,0,1,1,0,0,0,0,0,193,1,2,2094,hr CRO,DF,de Bundesliga,18-224,2007.0,4.0,2,0.5,2,0,0,0,0,0,0,0.0,2094,hr CRO,DF,de Bundesliga,18-224,2007.0,4.0,1,0,1,0,0,1,0.0,1,8,6,2,4,5,49,1,2094,hr CRO,DF,de Bundesliga,18-224,2007.0,4.0,313,62,157,148,10,5,313,1,1,100.0,0,0.0,172,1095,608,4,1,0,2,4,171,0,2586,hr CRO,DF,de Bundesliga,18-224,2007.0,4,360.0,90,66.7,4.0,4,90.0,4,0,,1,1.75,6,6,0,0.0,1.0,5.7,7.3,-1.7,-0.42,2094,hr CRO,DF,de Bundesliga,18-224,2007.0,4.0,0,0,0,3,7,0,1,4,0,0,0,0,20,27,5,84.4,,,,,,,,,,,,,,,,,,,,,,,,,,,,,,,,,,,,,,,,,,,,,,,,,,,,,
2142,Leny Yoro,fr FRA,DF,Manchester Utd,eng Premier League,19.0,2005.0,7,5,451.0,5.0,0,0,0,0,0,0,0,0,0.3,0.3,0.0,0.3,5,18,3,0.0,0.06,2142,fr FRA,DF,eng Premier League,19-327,2005.0,5.0,0,3,0,0.0,0.6,0.0,0.0,,8.2,0,0,0,0.3,0.3,0.09,-0.3,-0.3,2142,fr FRA,DF,eng Premier League,19-327,2005.0,5.0,215,250,86.0,3878,1328,0,0.0,0.0,0.0,1,14,1,1,18,2142,fr FRA,DF,eng Premier League,19-327,2005.0,5.0,250,239,11,7,0,3,1,4,0,0,0,0,215,0,3,2142,fr FRA,DF,eng Premier League,19-327,2005.0,5.0,7,1.4,7,0,0,0,0,0,0,0.0,2142,fr FRA,DF,eng Premier League,19-327,2005.0,5.0,7,4,5,2,0,5,60.0,2,2,1,1,9,16,19,1,2142,fr FRA,DF,eng Premier League,19-327,2005.0,5.0,301,35,149,134,22,7,301,1,0,0.0,1,100.0,171,895,542,5,3,0,3,4,199,3,2639,fr FRA,DF,eng Premier League,19-327,2005.0,7,451.0,64,71.6,5.0,5,81.0,1,2,23.0,0,1.43,5,8,-3,-0.6,-1.1,8.9,6.8,2.1,0.42,2142,fr FRA,DF,eng Premier League,19-327,2005.0,5.0,0,0,0,3,0,0,1,9,4,0,0,0,17,12,4,75.0,,,,,,,,,,,,,,,,,,,,,,,,,,,,,,,,,,,,,,,,,,,,,,,,,,,,,
2146,Warren Zaïre-Emery,fr FRA,"MF,DF",Paris S-G,fr Ligue 1,19.0,2006.0,7,5,481.0,5.3,0,0,0,0,0,0,0,0,0.1,0.1,0.8,0.9,18,43,29,0.0,0.17,2146,fr FRA,"MF,DF",fr Ligue 1,19-212,2006.0,5.3,0,3,1,33.3,0.56,0.19,0.0,0.0,18.9,0,0,0,0.1,0.1,0.04,-0.1,-0.1,2146,fr FRA,"MF,DF",fr Ligue 1,19-212,2006.0,5.3,410,442,92.8,5971,1323,0,0.8,0.9,-0.8,10,49,5,0,43,2146,fr FRA,"MF,DF",fr Ligue 1,19-212,2006.0,5.3,442,428,14,3,2,2,2,11,0,0,0,0,410,0,10,2146,fr FRA,"MF,DF",fr Ligue 1,19-212,2006.0,5.3,15,2.81,15,0,0,0,0,0,1,0.19,2146,fr FRA,"MF,DF",fr Ligue 1,19-212,2006.0,5.3,8,5,1,5,2,10,60.0,4,8,1,7,4,12,4,0,2146,fr FRA,"MF,DF",fr Ligue 1,19-212,2006.0,5.3,489,11,80,272,141,10,489,13,7,53.8,5,38.5,310,1992,976,18,10,4,6,6,397,29,2646,fr FRA,"MF,DF",fr Ligue 1,19-212,2006.0,7,481.0,69,76.3,5.3,5,82.0,3,2,35.0,0,2.29,8,4,4,0.75,-1.67,7.2,4.2,3.0,0.55,2146,fr FRA,"MF,DF",fr Ligue 1,19-212,2006.0,5.3,0,0,0,11,2,0,2,4,5,0,0,0,25,2,1,66.7,,,,,,,,,,,,,,,,,,,,,,,,,,,,,,,,,,,,,,,,,,,,,,,,,,,,,
